"","FALSE","TRUE"
"0",4,10
"0.0344827586206897",9,3
"0.0714285714285714",4,1
"0.428571428571429",1,3
"0.529411764705882",3,6
"0.571428571428571",4,1
"0.631578947368421",3,3
"0.6875",0,1
"0.75",1,2
"0.925925925925926",5,7
"0.975609756097561",5,7
